startup_name,batch,source,is_stealth_mode,stealth_indicators,data_completeness_score,website,page_title,contact_email,description,is_ai_related,ai_confidence_score,linkedin,twitter,github
Vom,Unknown,Berkeley SkyDeck,True,"no_description, no_social_media",0.4,https://vom.com,Valley of the Moon,webmaster@vom.com,,,,,,
VoiceBit,Unknown,Berkeley SkyDeck,True,"no_description, no_social_media",0.3,https://voicebit.com,,,,,,,,
SplitSecure,Unknown,Berkeley SkyDeck,False,no_social_media,0.55,https://splitsecure.com,SplitSecure | Enterprise Security Without Single Points of Failure,,"SplitSecure protects sensitive accounts with no single point of failure. Easy setup, seamless access, and enterprise-grade security that just works.",False,0.0,,,
Scam AI,Unknown,Berkeley SkyDeck,False,no_social_media,0.65,https://scamai.com,WebVetted – Instant Due Diligence for Everything Online | WebVetted,support@webvetted.com,"WebVetted checks websites, social profiles, businesses, vehicles, listings, jobs, and more—so you don’t get scammed. Verify before you trust.",False,0.0,,,
Satsurance,Unknown,Berkeley SkyDeck,True,"no_description, no_social_media",0.3,https://satsurance.com,,,,,,,,
Rescope,Unknown,Berkeley SkyDeck,False,no_social_media,0.65,https://rescope.co,Rescope - Zoning & Building Permit Automation,altan@rescope.co,"Automate permits. Accelerate builds. Rescope helps contractors, architects, and developers navigate zoning codes and building permits faster.",False,0.0,,,
ReIGNITE Therapeutics Inc,Unknown,Berkeley SkyDeck,True,"no_website, no_description, no_social_media, low_completeness",0.0,,,,,,,,,
PYRAMYD,Unknown,Berkeley SkyDeck,False,,0.9,https://pyramyd.com,PYRAMYD - Formation professionnelle et continue - Organisme de formation,serviceclient@abilways.com,"Pyramyd forme depuis 30 ans les professionnels de la communication visuelle, du design et de la création digitale et print..",False,0.0,https://www.linkedin.com/company/pyramyd-ntcv/,https://twitter.com/pyramydntcv,
Ludwig Computing,Unknown,Berkeley SkyDeck,True,"no_description, no_social_media",0.4,https://ludwigcomputing.com,Home | Ludwig Computing,info@ludwigcomputing.com,,,,,,
Hominy AI,Unknown,Berkeley SkyDeck,True,"no_website, no_description, no_social_media, low_completeness",0.0,,,,,,,,,
Gheek AI,Unknown,Berkeley SkyDeck,True,"no_website, no_description, no_social_media, low_completeness",0.0,,,,,,,,,
Flexify AI,Unknown,Berkeley SkyDeck,True,"no_website, no_description, no_social_media, low_completeness",0.0,,,,,,,,,
Flatlight,Unknown,Berkeley SkyDeck,True,"no_description, no_social_media",0.3,https://flatlight.tech,Page par défaut,,,,,,,
Drover Labs,Unknown,Berkeley SkyDeck,False,no_social_media,0.65,https://droverlabs.com,Drover: A Custom Web and Mobile Application Development Team.,team@droverlabs.com,"React, React Native, and GraphQL specialists. What can we build together?",False,0.0,,,
DeepTrail Inc,Unknown,Berkeley SkyDeck,True,"no_website, no_description, no_social_media, low_completeness",0.0,,,,,,,,,
Code Blue AI,Unknown,Berkeley SkyDeck,True,"no_description, no_social_media",0.3,https://codeblueai.com,,,,,,,,
CipherSonic Labs,Unknown,Berkeley SkyDeck,False,no_description,0.65,https://ciphersoniclabs.ai,CipherSonic Labs | Enabling End-to-End Security in Cloud Computing using Fully Homomorphic Encryption,logo-dark@2x.png,,,,https://www.linkedin.com/company/ciphersonic-labs-inc/,https://www.x.com/ciphersoniclabs,
April,Unknown,Berkeley SkyDeck,False,,0.7,https://april.com,L’assurance en plus facile - Groupe APRIL,,"Leader du courtage grossiste en France, APRIL est implanté dans 18 pays dans le monde. Découvrez notre groupe !",False,0.0,https://www.linkedin.com/company/april-assurances/,,
Trag,Unknown,Berkeley SkyDeck,True,"no_website, no_description, no_social_media, low_completeness",0.0,,,,,,,,,
Soula,Unknown,Berkeley SkyDeck,True,"no_description, no_social_media",0.3,https://soula.co,,,,,,,,
OpenGrant,Unknown,Berkeley SkyDeck,True,"no_description, no_social_media",0.3,https://opengrant.com,,,,,,,,
Flux Robotics,Unknown,Berkeley SkyDeck,False,no_description,0.55,https://fluxrobotics.ai,fluxrobotics.ai,,,,,https://www.linkedin.com/company/fluxrobotics,https://x.com/flux_robotics,
DT Master Carbon,Unknown,Berkeley SkyDeck,True,"no_website, no_description, no_social_media, low_completeness",0.0,,,,,,,,,
Drill Surgeries,Unknown,Berkeley SkyDeck,False,no_social_media,0.55,https://drillsurgeries.com,CLARO Surgical - XR and AI for orthopaedics,,CLARO Surgical - XR and AI for orthopaedics,True,0.2,,,
Daspren,Unknown,Berkeley SkyDeck,False,no_social_media,0.55,https://daspren.com,Daspren - Master every data access,,"Daspren centralizes usage mapping, data classification, and active data control for complete real-time protection.",False,0.0,,,
Darween Bioscience,Unknown,Berkeley SkyDeck,True,"no_website, no_description, no_social_media, low_completeness",0.0,,,,,,,,,
CloEE,Unknown,Berkeley SkyDeck,True,"no_description, no_social_media",0.3,https://cloee.ai,CloEE - Industrial AI Platform,,,,,,,
Cyphra Autonomy,Unknown,Berkeley SkyDeck,False,no_social_media,0.65,https://cyphra-autonomy.com,Robotic Construction Haulers  | Cyphra Autonomy,605a7baede844d278b89dc95ae0a9123@sentry-next.wixpress.com,"Cyphra Autonomy makes construction operations safer, more efficient and faster with our material moving robots",False,0.0,,,
Quotr,Unknown,Berkeley SkyDeck,False,no_social_media,0.55,https://quotr.io,Quotr - AI Construction Estimation & Takeoff Software,,"AI-powered construction estimation with 90% faster takeoffs, 95% accuracy, and 40-50% material savings. Built for subcontractors, general contractors, and developers.",True,0.4,,,
EMOBOT,Unknown,Berkeley SkyDeck,True,"no_description, no_social_media",0.3,https://emobot.com,,,,,,,,
D.Sole,Unknown,Berkeley SkyDeck,True,"no_description, no_social_media",0.3,https://dsole.com,,,,,,,,
Light Links,Unknown,Berkeley SkyDeck,True,"no_description, no_social_media",0.3,https://lightlinks.io,lightlinks.io,,,,,,,
Kelvin Cooling,Unknown,Berkeley SkyDeck,False,no_social_media,0.65,https://kelvincooling.com,Kelvin Cooling,richard@kelvincooling.com,"Best Cooling Solution For


				Data Center			

				HPC			

				Edge Computing			

				AI",True,0.2,,,
Rhea's Factory,Unknown,Berkeley SkyDeck,False,no_description,0.55,https://rheasfactory.com,Rhea's Factory,user@domain.com,,,,https://www.linkedin.com/company/rheasfactory,,
Outer Rim Exploration,Unknown,Berkeley SkyDeck,True,"no_website, no_description, no_social_media, low_completeness",0.0,,,,,,,,,
Bicameral,Unknown,Berkeley SkyDeck,True,"no_description, no_social_media",0.3,https://bicameral.ai,Bicameral – Two becoming one…,,,,,,,
Selfr,Unknown,Berkeley SkyDeck,True,"no_description, no_social_media",0.3,https://selfr.com,who are you?,,,,,,,
MetaLearner,Unknown,Berkeley SkyDeck,False,,0.8,https://metalearner.ai,MetaLearner,hello@metalearner.ai,"Get Answers to Your Questions in Minutes, Not Weeks",False,0.0,https://www.linkedin.com/company/metalearner-ai,,
Guepard,Unknown,Berkeley SkyDeck,True,"no_description, no_social_media",0.3,https://guepard.io,,,,,,,,
Greybeam,Unknown,Berkeley SkyDeck,True,"no_description, no_social_media",0.3,https://greybeam.com,,,,,,,,
Greaten AI,Unknown,Berkeley SkyDeck,True,"no_description, no_social_media",0.3,https://greatenai.com,,,,,,,,
Fastyr,Unknown,Berkeley SkyDeck,True,"no_description, no_social_media",0.3,https://fastyr.com,,,,,,,,
Cyclick,Unknown,Berkeley SkyDeck,True,"no_description, no_social_media",0.3,https://cyclick.com,,,,,,,,
CloudiDR,Unknown,Berkeley SkyDeck,True,"no_website, no_description, no_social_media, low_completeness",0.0,,,,,,,,,
AtlasNova,Unknown,Berkeley SkyDeck,False,,0.7,https://atlasnova.ai,AtlasNova,,Restaurant solutions powered by AtlasNova AI,True,0.2,https://www.linkedin.com/company/atlasnova-ai/,,
ReneuBio,Unknown,Berkeley SkyDeck,True,"no_description, no_social_media",0.4,https://reneubio.com,Home | Reneubio Inc,salah.mahmoudi@reneubio.com,,,,,,
Waypoint AI,Unknown,Berkeley SkyDeck,True,"no_description, no_social_media",0.3,https://waypointai.com,,,,,,,,
Vanellus Technologies Ltd,Unknown,Berkeley SkyDeck,True,"no_website, no_description, no_social_media, low_completeness",0.0,,,,,,,,,
Vambe,Unknown,Berkeley SkyDeck,False,,0.8,https://vambe.ai,Vambe AI | Plataforma de IA para Empresas,contacto@vambeai.com,"Automatiza conversaciones, optimiza anuncios y conecta sistemas con IA. Miles de empresas confían en Vambe para crecer con inteligencia artificial.",False,0.0,https://www.linkedin.com/company/vambe/,,
Tutti,Unknown,Berkeley SkyDeck,True,"no_description, no_social_media",0.3,https://tutti.com,,,,,,,,
"TLR Therapeutics, Inc.",Unknown,Berkeley SkyDeck,True,"no_website, no_description, no_social_media, low_completeness",0.0,,,,,,,,,
Techstack,Unknown,Berkeley SkyDeck,False,no_social_media,0.55,https://techstack.com,TechStack Territories — Currently Sold Out | Join the Waitlist,,All TechStack territories from Wave 1 have been claimed. Join the priority waitlist to get first access when we open the next round of exclusive AI service territories for agency owners.,True,0.2,,,
Taltrics,Unknown,Berkeley SkyDeck,True,"no_website, no_description, no_social_media, low_completeness",0.0,,,,,,,,,
T-robotics,Unknown,Berkeley SkyDeck,True,"no_description, no_social_media",0.3,https://trobotics.ai,,,,,,,,
Sincidium,Unknown,Berkeley SkyDeck,True,"no_website, no_description, no_social_media, low_completeness",0.0,,,,,,,,,
"PropulsionAI, Inc.",Unknown,Berkeley SkyDeck,True,"no_website, no_description, no_social_media, low_completeness",0.0,,,,,,,,,
Partner Element,Unknown,Berkeley SkyDeck,False,no_social_media,0.55,https://partnerelement.com,Partner Element,,Maximize procurement value through early involvement. Partner Element is an AI-powered collaboration platform for procurement teams. We provide early visibility into potential purchases giving procurement time to act.,True,0.4,,,
Mycro Harvest,Unknown,Berkeley SkyDeck,False,no_social_media,0.55,https://mycroharvest.com,Home | Mycro Harvest - AI-Powered Mushroom Farms,,"Mycro Harvest's AI-powered control systems improve yield and reduce costs in mushroom production for low-carbon foods, bioplastics, meat alternatives, and more.",True,0.4,,,
"MuscleMatrix, Inc.",Unknown,Berkeley SkyDeck,True,"no_website, no_description, no_social_media, low_completeness",0.0,,,,,,,,,
Jellie AI,Unknown,Berkeley SkyDeck,True,"no_description, no_social_media",0.3,https://jellieai.com,Jellie AI | Candidate Database for Recruiting Agencies,,,,,,,
Forelight.ai (Ween.ai),Unknown,Berkeley SkyDeck,True,"no_website, no_description, no_social_media, low_completeness",0.0,,,,,,,,,
FirstRead,Unknown,Berkeley SkyDeck,False,,0.65,https://firstread.co,Home - First Read,,"First Read: Your Daily First Stop For Sports and Entertainment Be the first read! Sign up for exclusive updates on newly released stories, videos and giveaways — delivered straight to your inbox! Latest Articles San Francisco 49ers 2025 Draft Wishlist Draft,NFL Every draft season there’s a conversion of thoughts surrounding every NFL team and what […]",False,0.0,,https://x.com/firstread_,
Deeli AI,Unknown,Berkeley SkyDeck,True,"no_website, no_description, no_social_media, low_completeness",0.0,,,,,,,,,
ContextQA,Unknown,Berkeley SkyDeck,False,,0.8,https://contextqa.com,"Context-Aware AI Testing Platform for Faster, Smarter Release | ContextQA",sales@contextqa.com,"QA new code 10Xfaster with the only context-aware AI testing platform. ContextQA uses agentic AI to predict, generate tests, and validate every release.",True,0.2,https://www.linkedin.com/company/contextqa-test-automation-platform/,,
Congrify,Unknown,Berkeley SkyDeck,True,"no_website, no_description, no_social_media, low_completeness",0.0,,,,,,,,,
"Blocq, Inc.",Unknown,Berkeley SkyDeck,False,no_social_media,0.55,https://blocqinc.com,"BlocQ, lnc.",,Comprehensive quantum security service that detects and resolves security risks using quantum computers on customer systems We are the world's first to realize the service B. on blockchain.,False,0.0,,,
ASO Therapeutics,Unknown,Berkeley SkyDeck,True,"no_website, no_description, no_social_media, low_completeness",0.0,,,,,,,,,
ALKEMIO,Unknown,Berkeley SkyDeck,False,,0.8,https://alkemio.tech,Alkemio | Modular & Sustainable Rare Earths Refining,info@alkemio.bio,Alkemio develops modular systems for rare earth separation that work across diverse input streamsâfrom ore to wasteâwithout relying on centralized infrastructure. Our solution delivers high-purity recovery with reduced environmental impact.,False,0.0,https://linkedin.com/company/alkemio-technologies/,,
Aura,Unknown,Berkeley SkyDeck,False,,0.9,https://aura.com,Aura | Intelligent Digital Safety for the Whole Family,alex.garcia@aura.com,"Aura protects your identity, finances and sensitive data. All plans include a $1M insurance policy that covers eligible losses. Try Aura 14-days free.",False,0.0,https://www.linkedin.com/company/auracompany/,https://twitter.com/Aura_Protects,
Bungee Tech,Unknown,Berkeley SkyDeck,False,,0.8,https://bungeetech.com,Retail Product Pricing Software & Optimization Solutions,Mask-Group-92022@2x-1.png,"ClearDemand retail product pricing software helps retailers optimize prices, boost profits, and stay competitive with smart pricing solutions. Book a demo!",False,0.0,https://www.linkedin.com/company/clear-demand,,
Offi,Unknown,Berkeley SkyDeck,False,no_social_media,0.55,https://offi.com,Offi & Co.,,"A diversely unique collection of products that challenge traditional furniture categories and created new ones. Offi products are created to be multifunctional, comfortable, and at home in any modern home in the world.",False,0.0,,,
Rock Rabbit,Unknown,Berkeley SkyDeck,True,"no_description, no_social_media",0.3,https://rockrabbit.com,,,,,,,,
ReRx,Unknown,Berkeley SkyDeck,False,,0.65,https://rerx.com,Online Vision Test & Eye Exam | Glasses & Contacts | Lens.com,,"Skip the Trip! Take our eye exam online. Renew your prescription online with our vision test for contacts, similar to the eye exam at your doctor's office, but in 15 minutes and from the comfort of your home.",False,0.0,,https://twitter.com/lens,
ReframeAI,Unknown,Berkeley SkyDeck,False,,0.8,https://reframeai.app,Reframe - AI-Powered Government Procurement Intelligence & Contact Data,info@reframe.is,"Access the most comprehensive source of government contact data and procurement intelligence. Reframe's AI Agents act as virtual assistants, enabling custom workflows that seamlessly integrate with your team. Revolutionize your approach to government RFPs, contracts, and bids with data-driven insights and automated processes.",True,0.2,https://www.linkedin.com/company/reframeai-app,,https://github.com/peterwnjenga/aigent
Plaid Semiconductors,Unknown,Berkeley SkyDeck,True,"no_website, no_description, no_social_media, low_completeness",0.0,,,,,,,,,
Pickaxe,Unknown,Berkeley SkyDeck,False,,0.75,https://pickaxe.io,"Pickaxe | Crypto Mining Equipment, Hosting & Education",info@pickaxe.io,"Own, deploy, and understand crypto mining equipment. Professional hosting, hardware marketplace, AI-powered education, and real-time tools for miners.",True,0.4,,https://twitter.com/pickaxe_mining,
Ozaru,Unknown,Berkeley SkyDeck,True,"no_description, no_social_media",0.3,https://ozaru.ai,,,,,,,,
Olfera,Unknown,Berkeley SkyDeck,True,"no_website, no_description, no_social_media, low_completeness",0.0,,,,,,,,,
NeuroAge Therapeutics,Unknown,Berkeley SkyDeck,True,"no_website, no_description, no_social_media, low_completeness",0.0,,,,,,,,,
"MyMagic, Inc.",Unknown,Berkeley SkyDeck,True,"no_website, no_description, no_social_media, low_completeness",0.0,,,,,,,,,
DeepSeq.AI,Unknown,Berkeley SkyDeck,True,"no_description, no_social_media",0.3,https://deepseqai.com,,,,,,,,
CoGrader,Unknown,Berkeley SkyDeck,False,,0.9,https://cograder.com,"CoGrader | AI Essay Grader | Spend Less Time Grading, More Time Teaching",privacy@cograder.com,Save 80% of the time grading essays and open ended questions and get instant feedback on your students' assignments.,False,0.0,https://www.linkedin.com/company/cograder/?,https://twitter.com/cograder,
Cerevox,Unknown,Berkeley SkyDeck,False,no_social_media,0.55,https://cerevox.ai,Cerevox | The Data Layer,,Turns files into clean context for LLMs,False,0.0,,,
Bitskout,Unknown,Berkeley SkyDeck,False,,0.9,https://bitskout.com,"Document Extraction for monday.com, Make, Zapier, Power Automate | Bitskout",contact@bitskout.com,"Extract data from documents, invoices, contracts, and bank statements to your tools like monday.com without any coding or technicalities.",False,0.0,https://www.linkedin.com/company/bitskout/,https://www.twitter.com/bitskout,
Bennudata Inc.,Unknown,Berkeley SkyDeck,True,"no_website, no_description, no_social_media, low_completeness",0.0,,,,,,,,,
Allos AI,Unknown,Berkeley SkyDeck,False,no_social_media,0.65,https://allosai.com,AllosAI — AI Agents for Social Media & Customer Support,cropped-Element-12@2x.png,"Run your social media and customer conversations with autonomous AI Agents. Create, publish, support, and scale — all from one platform. Start free.",True,0.4,,,
Algorized,Unknown,Berkeley SkyDeck,True,"no_website, no_description, no_social_media, low_completeness",0.0,,,,,,,,,
SUPPLAI,Unknown,Berkeley SkyDeck,True,"no_description, no_social_media",0.3,https://supplai.co,,,,,,,,
Plino,Unknown,Berkeley SkyDeck,False,,0.8,https://plino.ai,Plino,info@plino.ai,"ContabilitÃ , Finanza e Controllo di gestione con lâIntelligenza Artificiale",False,0.0,https://www.linkedin.com/company/plino-ai/,,
Ochy,Unknown,Berkeley SkyDeck,True,"no_website, no_description, no_social_media, low_completeness",0.0,,,,,,,,,
Mon5 s.r.l.,Unknown,Berkeley SkyDeck,True,"no_website, no_description, no_social_media, low_completeness",0.0,,,,,,,,,
Klaaryo,Unknown,Berkeley SkyDeck,False,,0.7,https://klaaryo.com,Klaaryo: il software per la selezione del personale via Whatsapp,,Klaaryo Ã¨ il software di recruiting conversazionale integrato con Whatsapp che utilizza lâintelligenza artificiale per automatizzare e ottimizzare il processo di assunzione per ruoli ad alto volume.,False,0.0,https://www.linkedin.com/company/klaaryo/posts/?feedView=all,,
Kfobix Inc.,Unknown,Berkeley SkyDeck,True,"no_website, no_description, no_social_media, low_completeness",0.0,,,,,,,,,
INRŌ,Unknown,Berkeley SkyDeck,True,"no_website, no_description, no_social_media, low_completeness",0.0,,,,,,,,,
Distinkt,Unknown,Berkeley SkyDeck,True,"no_website, no_description, no_social_media, low_completeness",0.0,,,,,,,,,
Audemic Ltd,Unknown,Berkeley SkyDeck,True,"no_website, no_description, no_social_media, low_completeness",0.0,,,,,,,,,
Skyld,Unknown,Berkeley SkyDeck,True,"no_website, no_description, no_social_media, low_completeness",0.0,,,,,,,,,
Silica Corpora,Unknown,Berkeley SkyDeck,True,"no_website, no_description, no_social_media, low_completeness",0.0,,,,,,,,,
Sefi AI,Unknown,Berkeley SkyDeck,True,"no_website, no_description, no_social_media, low_completeness",0.0,,,,,,,,,
RebX,Unknown,Berkeley SkyDeck,True,"no_website, no_description, no_social_media, low_completeness",0.0,,,,,,,,,
Gisens Biotech,Unknown,Berkeley SkyDeck,True,"no_website, no_description, no_social_media, low_completeness",0.0,,,,,,,,,
Fintellect,Unknown,Berkeley SkyDeck,True,"no_website, no_description, no_social_media, low_completeness",0.0,,,,,,,,,
"Dowork Technologies, Inc.",Unknown,Berkeley SkyDeck,True,"no_website, no_description, no_social_media, low_completeness",0.0,,,,,,,,,
Donaa Limited,Unknown,Berkeley SkyDeck,True,"no_website, no_description, no_social_media, low_completeness",0.0,,,,,,,,,
Alloccasions,Unknown,Berkeley SkyDeck,True,"no_website, no_description, no_social_media, low_completeness",0.0,,,,,,,,,
Typeless,Unknown,Berkeley SkyDeck,True,"no_website, no_description, no_social_media, low_completeness",0.0,,,,,,,,,
SpeedLegal,Unknown,Berkeley SkyDeck,True,"no_website, no_description, no_social_media, low_completeness",0.0,,,,,,,,,
Profiter,Unknown,Berkeley SkyDeck,True,"no_website, no_description, no_social_media, low_completeness",0.0,,,,,,,,,
Pricer24,Unknown,Berkeley SkyDeck,True,"no_website, no_description, no_social_media, low_completeness",0.0,,,,,,,,,
Helean,Unknown,Berkeley SkyDeck,True,"no_website, no_description, no_social_media, low_completeness",0.0,,,,,,,,,
FiveBrane,Unknown,Berkeley SkyDeck,True,"no_website, no_description, no_social_media, low_completeness",0.0,,,,,,,,,
Dedalo AI,Unknown,Berkeley SkyDeck,False,,0.7,https://dedaloai.com,Dedalo - Your Sustainable Solution,,Dedalo - Your Sustainable Solution,False,0.0,https://www.linkedin.com/company/dedaloai/,,
Cargoful,Unknown,Berkeley SkyDeck,True,"no_description, no_social_media",0.3,https://cargoful.com,,,,,,,,
Cambridge Nucleomics,Unknown,Berkeley SkyDeck,False,,0.8,https://cambridge-nucleomics.com,Cambridge Nucleomics,info@cambridge-nucleomics.com,RNA measurement made fast and easy at scale with single-molecule accuracy.,False,0.0,https://www.linkedin.com/company/cambridge-nucleomics/,,
BiomimX Srl,Unknown,Berkeley SkyDeck,True,"no_website, no_description, no_social_media, low_completeness",0.0,,,,,,,,,
HopShop,Unknown,Berkeley SkyDeck,True,"no_website, no_description, no_social_media, low_completeness",0.0,,,,,,,,,
Quasara,Unknown,Berkeley SkyDeck,True,"no_website, no_description, no_social_media, low_completeness",0.0,,,,,,,,,
HyLight,Unknown,Berkeley SkyDeck,True,"no_website, no_description, no_social_media, low_completeness",0.0,,,,,,,,,
Katakem,Unknown,Berkeley SkyDeck,False,,0.8,https://katakem.com,Katakem | Autonomous Chemistry,605a7baede844d278b89dc95ae0a9123@sentry-next.wixpress.com,Katakem builds robots to automate chemistry and help chemists make the future happen faster.,False,0.0,https://www.linkedin.com/company/katakem/,,
SWITCH,Unknown,Berkeley SkyDeck,True,"no_website, no_description, no_social_media, low_completeness",0.0,,,,,,,,,
THEO,Unknown,Berkeley SkyDeck,True,"no_website, no_description, no_social_media, low_completeness",0.0,,,,,,,,,
Revizion,Unknown,Berkeley SkyDeck,True,"no_website, no_description, no_social_media, low_completeness",0.0,,,,,,,,,
Morelli Tech,Unknown,Berkeley SkyDeck,True,"no_website, no_description, no_social_media, low_completeness",0.0,,,,,,,,,
Traverse,Unknown,Berkeley SkyDeck,True,"no_website, no_description, no_social_media, low_completeness",0.0,,,,,,,,,
Titan AI,Unknown,Berkeley SkyDeck,True,"no_website, no_description, no_social_media, low_completeness",0.0,,,,,,,,,
Swift Charge,Unknown,Berkeley SkyDeck,True,"no_website, no_description, no_social_media, low_completeness",0.0,,,,,,,,,
Roger,Unknown,Berkeley SkyDeck,True,"no_website, no_description, no_social_media, low_completeness",0.0,,,,,,,,,
re_data,Unknown,Berkeley SkyDeck,True,"no_website, no_description, no_social_media, low_completeness",0.0,,,,,,,,,
"Otterz, Inc.",Unknown,Berkeley SkyDeck,True,"no_website, no_description, no_social_media, low_completeness",0.0,,,,,,,,,
NeuraStasis,Unknown,Berkeley SkyDeck,True,"no_website, no_description, no_social_media, low_completeness",0.0,,,,,,,,,
MZR Neurotech,Unknown,Berkeley SkyDeck,True,"no_website, no_description, no_social_media, low_completeness",0.0,,,,,,,,,
Matta Labs Ltd,Unknown,Berkeley SkyDeck,True,"no_website, no_description, no_social_media, low_completeness",0.0,,,,,,,,,
LQL,Unknown,Berkeley SkyDeck,True,"no_website, no_description, no_social_media, low_completeness",0.0,,,,,,,,,
Hyperable Corp.,Unknown,Berkeley SkyDeck,True,"no_website, no_description, no_social_media, low_completeness",0.0,,,,,,,,,
GuardHash,Unknown,Berkeley SkyDeck,True,"no_website, no_description, no_social_media, low_completeness",0.0,,,,,,,,,
GetMо,Unknown,Berkeley SkyDeck,True,"no_website, no_description, no_social_media, low_completeness",0.0,,,,,,,,,
"Essence Labs, Inc.",Unknown,Berkeley SkyDeck,True,"no_website, no_description, no_social_media, low_completeness",0.0,,,,,,,,,
Enkrypt AI,Unknown,Berkeley SkyDeck,True,"no_website, no_description, no_social_media, low_completeness",0.0,,,,,,,,,
Enerza Inc,Unknown,Berkeley SkyDeck,True,"no_website, no_description, no_social_media, low_completeness",0.0,,,,,,,,,
El Dorado P2P,Unknown,Berkeley SkyDeck,True,"no_website, no_description, no_social_media, low_completeness",0.0,,,,,,,,,
Editpep,Unknown,Berkeley SkyDeck,True,"no_website, no_description, no_social_media, low_completeness",0.0,,,,,,,,,
CYQIQ,Unknown,Berkeley SkyDeck,True,"no_website, no_description, no_social_media, low_completeness",0.0,,,,,,,,,
Converse Health,Unknown,Berkeley SkyDeck,True,"no_website, no_description, no_social_media, low_completeness",0.0,,,,,,,,,
Compiify,Unknown,Berkeley SkyDeck,True,"no_website, no_description, no_social_media, low_completeness",0.0,,,,,,,,,
CarbonGraph,Unknown,Berkeley SkyDeck,True,"no_website, no_description, no_social_media, low_completeness",0.0,,,,,,,,,
AsparaGlue,Unknown,Berkeley SkyDeck,True,"no_website, no_description, no_social_media, low_completeness",0.0,,,,,,,,,
Aiembodied,Unknown,Berkeley SkyDeck,True,"no_website, no_description, no_social_media, low_completeness",0.0,,,,,,,,,
SmileyGo,Unknown,Berkeley SkyDeck,True,"no_website, no_description, no_social_media, low_completeness",0.0,,,,,,,,,
VoiceBeam,Unknown,Berkeley SkyDeck,True,"no_website, no_description, no_social_media, low_completeness",0.0,,,,,,,,,
SportsDynamics,Unknown,Berkeley SkyDeck,True,"no_website, no_description, no_social_media, low_completeness",0.0,,,,,,,,,
Socialtrait.ai,Unknown,Berkeley SkyDeck,True,"no_website, no_description, no_social_media, low_completeness",0.0,,,,,,,,,
Skills.tech,Unknown,Berkeley SkyDeck,True,"no_website, no_description, no_social_media, low_completeness",0.0,,,,,,,,,
SirenOpt,Unknown,Berkeley SkyDeck,True,"no_website, no_description, no_social_media, low_completeness",0.0,,,,,,,,,
Rounded,Unknown,Berkeley SkyDeck,True,"no_website, no_description, no_social_media, low_completeness",0.0,,,,,,,,,
Red Arrow TX,Unknown,Berkeley SkyDeck,True,"no_website, no_description, no_social_media, low_completeness",0.0,,,,,,,,,
Okomera,Unknown,Berkeley SkyDeck,True,"no_website, no_description, no_social_media, low_completeness",0.0,,,,,,,,,
Milvia,Unknown,Berkeley SkyDeck,True,"no_website, no_description, no_social_media, low_completeness",0.0,,,,,,,,,
Manot,Unknown,Berkeley SkyDeck,True,"no_website, no_description, no_social_media, low_completeness",0.0,,,,,,,,,
Kurier,Unknown,Berkeley SkyDeck,True,"no_website, no_description, no_social_media, low_completeness",0.0,,,,,,,,,
Jacobi Robotics,Unknown,Berkeley SkyDeck,True,"no_website, no_description, no_social_media, low_completeness",0.0,,,,,,,,,
HDAX Therapeutics,Unknown,Berkeley SkyDeck,True,"no_website, no_description, no_social_media, low_completeness",0.0,,,,,,,,,
Clearpol,Unknown,Berkeley SkyDeck,True,"no_website, no_description, no_social_media, low_completeness",0.0,,,,,,,,,
Alvva,Unknown,Berkeley SkyDeck,True,"no_website, no_description, no_social_media, low_completeness",0.0,,,,,,,,,
Dispatch Goods,Unknown,Berkeley SkyDeck,True,"no_website, no_description, no_social_media, low_completeness",0.0,,,,,,,,,
zHealth,Unknown,Berkeley SkyDeck,True,"no_website, no_description, no_social_media, low_completeness",0.0,,,,,,,,,
Wave Photonics,Unknown,Berkeley SkyDeck,True,"no_website, no_description, no_social_media, low_completeness",0.0,,,,,,,,,
Taiga Robotics,Unknown,Berkeley SkyDeck,True,"no_website, no_description, no_social_media, low_completeness",0.0,,,,,,,,,
Rangeview,Unknown,Berkeley SkyDeck,True,"no_website, no_description, no_social_media, low_completeness",0.0,,,,,,,,,
Music Health,Unknown,Berkeley SkyDeck,True,"no_website, no_description, no_social_media, low_completeness",0.0,,,,,,,,,
leadsales,Unknown,Berkeley SkyDeck,True,"no_website, no_description, no_social_media, low_completeness",0.0,,,,,,,,,
kwikkart,Unknown,Berkeley SkyDeck,True,"no_website, no_description, no_social_media, low_completeness",0.0,,,,,,,,,
InFLOWS AI,Unknown,Berkeley SkyDeck,True,"no_website, no_description, no_social_media, low_completeness",0.0,,,,,,,,,
Endometrics,Unknown,Berkeley SkyDeck,True,"no_website, no_description, no_social_media, low_completeness",0.0,,,,,,,,,
Drishya AI Labs Inc.,Unknown,Berkeley SkyDeck,True,"no_website, no_description, no_social_media, low_completeness",0.0,,,,,,,,,
Denovo Sciences,Unknown,Berkeley SkyDeck,True,"no_website, no_description, no_social_media, low_completeness",0.0,,,,,,,,,
Datalogz,Unknown,Berkeley SkyDeck,True,"no_website, no_description, no_social_media, low_completeness",0.0,,,,,,,,,
Cyder Inc.,Unknown,Berkeley SkyDeck,True,"no_website, no_description, no_social_media, low_completeness",0.0,,,,,,,,,
Axbryd,Unknown,Berkeley SkyDeck,False,,0.9,https://axbryd.com,Axbryd - Enabling the true power of network accelerators,info@axbryd.com,Leading the eBPF revolution to FPGA NICs,False,0.0,https://www.linkedin.com/company/axbryd-inc,https://twitter.com/axbryd,https://github.com/axbryd
ATDev,Unknown,Berkeley SkyDeck,False,no_description,0.45,https://atdev.tech,ATDev - Assistive Technology Development,,,,,https://www.linkedin.com/company/atdev1,,
Appa Health,Unknown,Berkeley SkyDeck,True,"no_website, no_description, no_social_media, low_completeness",0.0,,,,,,,,,
Alyra,Unknown,Berkeley SkyDeck,True,"no_website, no_description, no_social_media, low_completeness",0.0,,,,,,,,,
gerwhbrehrehr,Unknown,Berkeley SkyDeck,True,"no_website, no_description, no_social_media, low_completeness",0.0,,,,,,,,,
Metaport111.ai,Unknown,Berkeley SkyDeck,True,"no_website, no_description, no_social_media, low_completeness",0.0,,,,,,,,,
Test Company2,Unknown,Berkeley SkyDeck,True,"no_description, no_social_media",0.3,https://test-company.com,,,,,,,,
"Assistive Technology Development, Inc.",Unknown,Berkeley SkyDeck,True,"no_website, no_description, no_social_media, low_completeness",0.0,,,,,,,,,
Mithril Security,Unknown,Berkeley SkyDeck,False,,0.8,https://mithrilsecurity.io,Mithril Security,,Mithril Security is a deep tech cybersecurity startup providing secure software solutions to make AI more privacy friendly.,True,0.2,https://www.linkedin.com/company/mithril-security-company/,https://twitter.com/mithrilsecurity?lang=en,https://github.com/mithril-security
Rangeview,Unknown,Berkeley SkyDeck,False,no_description,0.55,https://rangeview.com,Rangeview,,,,,https://www.linkedin.com/company/rangeview/,https://x.com/ti_morse/status/1956783428990652785?s=46&t=4IOgHp7RvyeZXTYp5tEv8Q,
Raise Robotics,Unknown,Berkeley SkyDeck,True,"no_website, no_description, no_social_media, low_completeness",0.0,,,,,,,,,
WattWorker,Unknown,Berkeley SkyDeck,True,"no_website, no_description, no_social_media, low_completeness",0.0,,,,,,,,,
Mentalyc,Unknown,Berkeley SkyDeck,False,,0.7,https://mentalyc.com,Best AI Progress Note Taker & AI Scribe for Therapists | Mentalyc,,"Mentalyc is an AI clinical documentation software for therapists. Create AI progress notes, AI clinical notes with insights, and HIPAA-compliant, insurance-ready documentation faster and securely.",True,0.2,https://www.linkedin.com/company/mentalyc/,,
Akin Mental Health,Unknown,Berkeley SkyDeck,True,"no_website, no_description, no_social_media, low_completeness",0.0,,,,,,,,,
Tyfast,Unknown,Berkeley SkyDeck,False,no_social_media,0.65,https://tyfast.com,Home | TYFAST,contact@tyfast.energy,"Tyfast builds high performance Li-ion cell with faster charging, longer life and low temperature capability to obsolete diesel in heavy duty trucking, mining, construction and military vehicles.",False,0.0,,,
Hypernova Space Technologies (Pty) Ltd,Unknown,Berkeley SkyDeck,True,"no_website, no_description, no_social_media, low_completeness",0.0,,,,,,,,,
TeOra Pte Ltd,Unknown,Berkeley SkyDeck,True,"no_website, no_description, no_social_media, low_completeness",0.0,,,,,,,,,
Voiceform,Unknown,Berkeley SkyDeck,True,"no_website, no_description, no_social_media, low_completeness",0.0,,,,,,,,,
RIIICO GmbH,Unknown,Berkeley SkyDeck,True,"no_website, no_description, no_social_media, low_completeness",0.0,,,,,,,,,
modelwise,Unknown,Berkeley SkyDeck,False,,0.8,https://modelwise.ai,Modelwise | Automating Functional Safety Analysis,LANDSCAPE-LOGO-WHITE@3x.png,Automated functional safety analysis via drag & drop. Seamless Integration. Faster Analyses. Zero Defects. More Savings.,False,0.0,https://www.linkedin.com/company/modelwise/,,
Intone,Unknown,Berkeley SkyDeck,False,,0.9,https://intone.com,Intone - Delivering information technology consulting solutions & services,info@intone.com,"Established in 2003, Intone Networks, Inc is an ISO 9001:2008 certified global I.T. consulting company with offices in US, UK, Dubai, India & Singapore.",False,0.0,https://www.linkedin.com/company/intone-networks-inc?originalSubdomain=in,https://twitter.com/intonenetworks?ref_src=twsrc%5Egoogle%7Ctwcamp%5Eserp%7Ctwgr%5Eauthor,
Güeno,Unknown,Berkeley SkyDeck,False,,0.9,https://geno.io,Geno | Blockchain for Business,enquiry@geno.io,"Geno deliver end-to-end blockchain applications across supply chains, customer engagement, and digital financial networks.",False,0.0,https://www.linkedin.com/company/geno-group-web3/,https://x.com/GroupGeno,
Inkah,Unknown,Berkeley SkyDeck,True,"no_description, no_social_media",0.4,https://inkah.com,Home | Inkah,605a7baede844d278b89dc95ae0a9123@sentry-next.wixpress.com,,,,,,
Wonderfil,Unknown,Berkeley SkyDeck,True,"no_description, no_social_media",0.3,https://wonderfil.co,,,,,,,,
Winko,Unknown,Berkeley SkyDeck,True,"no_description, no_social_media",0.3,https://winko.co,,,,,,,,
Tesserol,Unknown,Berkeley SkyDeck,True,"no_website, no_description, no_social_media, low_completeness",0.0,,,,,,,,,
LEVEL 42 AI,Unknown,Berkeley SkyDeck,False,no_description,0.65,https://level42ai.com,level 42 AI,Group-297@4x.png,,,,https://www.linkedin.com/company/level42ai,https://twitter.com/level42ai,
Nanode Battery Technologies,Unknown,Berkeley SkyDeck,True,"no_website, no_description, no_social_media, low_completeness",0.0,,,,,,,,,
Berkm,Unknown,Berkeley SkyDeck,True,"no_description, no_social_media",0.4,https://berkm.co,HOME | BERKM,bahruz@berkm.co,,,,,,
Talent Academy,Unknown,Berkeley SkyDeck,False,no_social_media,0.55,https://talentacademy.com,Welcome to talentacademy.com,,"Join a vibrant community of developers, influencers, and entrepreneurs on talentacademy.com, all using the versatile CONTRIB token to power their token economies!",False,0.0,,,
CenSyn,Unknown,Berkeley SkyDeck,False,no_social_media,0.55,https://censyn.com,CenSyn,,Web site created using create-react-app,False,0.0,,,
CancerFree Biotech Ltd,Unknown,Berkeley SkyDeck,True,"no_website, no_description, no_social_media, low_completeness",0.0,,,,,,,,,
Loxagen Inc,Unknown,Berkeley SkyDeck,True,"no_website, no_description, no_social_media, low_completeness",0.0,,,,,,,,,
Legato Logic,Unknown,Berkeley SkyDeck,True,"no_website, no_description, no_social_media, low_completeness",0.0,,,,,,,,,
Falcomm,Unknown,Berkeley SkyDeck,False,no_social_media,0.65,https://falcomm.com,Falcomm | Ultra-Efficient RF Components,info@myfalcomm.com,"Falcomm is a fabless semiconductor company, delivering world record performance for the satcom, telecom, defense, and consumer markets.",False,0.0,,,
Chemix,Unknown,Berkeley SkyDeck,True,"no_description, no_social_media",0.3,https://chemix.ai,Teserac,,,,,,,
Augmental,Unknown,Berkeley SkyDeck,False,no_social_media,0.55,https://augmental.com,Augmental | Practice Thinking – Thinking Practice,,Practice Thinking - Thinking Practice,False,0.0,,,
SUN METALON,Unknown,Berkeley SkyDeck,False,,0.7,https://sunmetalon.com,Turn your metal waste into revenue – Sun Metalon,,We’re redefining metal recycling. Working with metal comes with a downside: waste. As much as 20% of metal is wasted in manufacturing,False,0.0,https://www.linkedin.com/company/sunmetalon/,,
Paidiem,Unknown,Berkeley SkyDeck,False,,0.8,https://paidiem.com,Paidiem,,"Paidiem is the all-in-one platform for paying, engaging and retaining your contingent workforce.",False,0.0,https://ca.linkedin.com/company/paidiem,https://twitter.com/Seizethepay,
Evitado,Unknown,Berkeley SkyDeck,False,minimal_description,0.75,https://evitado.io,evitado technologies – Collision Avoidance Systems,info@evitado.io,Collision Avoidance Systems,False,0.0,,https://afwerx.com,
Experify,Unknown,Berkeley SkyDeck,False,,0.7,https://experify.com,Experify | The Customer Involvement Platform,,"Use your best customers as your brand advocates. With online map based profiles, secure messaging and inbuilt rewards. With Experify you'll see your sales grow.",False,0.0,https://www.linkedin.com/company/experify-io,,
EfemaraiLabs,Unknown,Berkeley SkyDeck,True,"no_website, no_description, no_social_media, low_completeness",0.0,,,,,,,,,
Accountstory,Unknown,Berkeley SkyDeck,True,"no_description, no_social_media",0.3,https://accountstory.com,HustleBot - The World's Most Advanced Cold Outreach AI,,,,,,,
ComfortZones,Unknown,Berkeley SkyDeck,True,"no_description, no_social_media",0.3,https://comfortzones.com,,,,,,,,
Pow.bio,Unknown,Berkeley SkyDeck,True,"no_website, no_description, no_social_media, low_completeness",0.0,,,,,,,,,
Endocrine Biotherapeutics Inc,Unknown,Berkeley SkyDeck,True,"no_website, no_description, no_social_media, low_completeness",0.0,,,,,,,,,
Tatum,Unknown,Berkeley SkyDeck,False,,0.8,https://tatum.com,The Go-To Blockchain Development Platform - Tatum,,Tatum makes blockchain development simple. It’s the go-to blockchain development platform with a unified framework for building Web3 apps using any of the 100+ protocols.,False,0.0,https://www.linkedin.com/company/tatumio,https://twitter.com/tatum_io,https://github.com/tatumio/
"Serinus Labs, Inc.",Unknown,Berkeley SkyDeck,True,"no_website, no_description, no_social_media, low_completeness",0.0,,,,,,,,,
SEMRON GmbH,Unknown,Berkeley SkyDeck,True,"no_website, no_description, no_social_media, low_completeness",0.0,,,,,,,,,
Seashore Networks,Unknown,Berkeley SkyDeck,True,"no_website, no_description, no_social_media, low_completeness",0.0,,,,,,,,,
RJH,Unknown,Berkeley SkyDeck,True,"no_description, no_social_media",0.3,https://rjh.com,RJH,,,,,,,
Pyoneer,Unknown,Berkeley SkyDeck,True,"no_website, no_description, no_social_media, low_completeness",0.0,,,,,,,,,
Publica,Unknown,Berkeley SkyDeck,False,,0.75,https://publica.com,Publica - NFTs for books,info@publica.com,"Publica is an evolutionary publishing platform using blockchain and cryptocurrency technology to innovate in how books are funded, distributed, bought, and read.",False,0.0,,https://twitter.com/Publica,
NuPort Robotics Inc.,Unknown,Berkeley SkyDeck,True,"no_website, no_description, no_social_media, low_completeness",0.0,,,,,,,,,
The Hurd Co,Unknown,Berkeley SkyDeck,False,,0.8,https://thehurdco.com,The Hurd Co,user@domain.com,"The Hurd Co makes it possible to make clothes from agriwaste. Today, 
lyocell, viscose, and rayon are made from trees.",False,0.0,http://linkedin.com/company/thehurdco,,
Hopeful Inc,Unknown,Berkeley SkyDeck,True,"no_website, no_description, no_social_media, low_completeness",0.0,,,,,,,,,
Frontier Microscopy,Unknown,Berkeley SkyDeck,True,"no_website, no_description, no_social_media, low_completeness",0.0,,,,,,,,,
Dcipher Analytics,Unknown,Berkeley SkyDeck,False,minimal_description,0.7,https://dcipheranalytics.com,Dcipher Analytics,,AI-powered Insight Automation,True,0.6,https://www.linkedin.com/company/dcipher-analytics,,
NineCap,Unknown,Berkeley SkyDeck,True,"no_website, no_description, no_social_media, low_completeness",0.0,,,,,,,,,
WhatElse,Unknown,Berkeley SkyDeck,False,no_social_media,0.55,https://whatelse.io,Royal Reels - Royalreels20 Casino Australia | Claim $10 Bonus,,"Step into Royal Reels for a thrilling blend of online pokies, live casino action. Enjoy a royal array of fully licensed games, fast cashouts, and daily bonuses. Join now and claim your bonus!",False,0.0,,,
Vectorly,Unknown,Berkeley SkyDeck,False,,0.8,https://vectorly.io,Virtual Backgrounds Javascript SDK,,Vectorly AI Filters Javascript SDK makes it easy to add virtual backgrounds and AI Upscaling into WebRTC and video streaming applications,True,0.2,http://linkedin.com/company/vectorly,https://twitter.com/vectorly_io,https://github.com/Vectorly
Upswot,Unknown,Berkeley SkyDeck,False,no_description,0.45,https://upswot.com,UDG,,,,,https://www.linkedin.com/company/upswot/,,
Xoba,Unknown,Berkeley SkyDeck,True,"no_description, no_social_media",0.3,https://xoba.com,Xoba.com,,,,,,,
Wing Assistant,Unknown,Berkeley SkyDeck,False,,0.8,https://wingassistant.com,Virtual Assistant for Business Growth - Wing Assistant,,"Hire top virtual assistants worldwide for under $8/hr. Includes free CSM, training, WorkSpace app, expert supervision, and flexible month-to-month plans.",False,0.0,https://linkedin.com/company/wingassistant,https://twitter.com/wingassistant,
StudyFree,Unknown,Berkeley SkyDeck,True,"no_description, no_social_media",0.3,https://studyfree.com,,,,,,,,
"Root Applied Sciences, INC.",Unknown,Berkeley SkyDeck,True,"no_website, no_description, no_social_media, low_completeness",0.0,,,,,,,,,
Phononic Vibes,Unknown,Berkeley SkyDeck,False,,0.8,https://phononicvibes.com,Phononic Vibes - The art of noise management,metainfo@phononicvibes.com,Phononic Vibes is a deep-tech company focusing on design and production of innovative solutions about acoustic and vibro-acoustic metamaterial for noise and vibration attenuation and for improving sound quality.,False,0.0,https://www.linkedin.com/company/phononicvibes/,,
"Organos, Inc.",Unknown,Berkeley SkyDeck,True,"no_website, no_description, no_social_media, low_completeness",0.0,,,,,,,,,
Kura Technologies,Unknown,Berkeley SkyDeck,True,"no_description, no_social_media",0.3,https://kuratechnologies.com,,,,,,,,
syGlass,Unknown,Berkeley SkyDeck,True,"no_description, no_social_media",0.3,https://syglass.com,,,,,,,,
ImmunoMind,Unknown,Berkeley SkyDeck,False,,0.9,https://immunomind.com,ImmunoMind,contact@immunomind.com,Understanding Drug-Human Interactions,False,0.0,https://www.linkedin.com/company/immunomind/,https://twitter.com/immunomind,
Hermes Robotics Inc.,Unknown,Berkeley SkyDeck,True,"no_website, no_description, no_social_media, low_completeness",0.0,,,,,,,,,
Fibulas,Unknown,Berkeley SkyDeck,True,"no_website, no_description, no_social_media, low_completeness",0.0,,,,,,,,,
Dispatch Goods,Unknown,Berkeley SkyDeck,False,,0.8,https://dispatchgoods.com,Dispatch Goods - Learn about reusable packaging solutions,,Learn about how we can help your companies with effective reusable packaging solutions for Food Service and D2C companies,False,0.0,https://www.linkedin.com/company/dispatch-goods,https://x.com/DispatchGoods,
Brightflow AI,Unknown,Berkeley SkyDeck,False,no_social_media,0.55,https://brightflowai.com,brightflowai.com - brightflowai Resources and Information.,,brightflowai.com is your first and best source for information about brightflowai. Here you will also find topics relating to issues of general interest. We hope you find what you are looking for!,False,0.0,,,
Ontopical,Unknown,Berkeley SkyDeck,False,,0.7,https://ontopical.com,Find government contracts before the RFP | Ontopical,,"Get complete monitoring of emerging local government contracts across North America, months before an RFP is issued. Build your sales pipeline with Ontopical.",False,0.0,https://www.linkedin.com/company/ontopical/,,
Blings.io,Unknown,Berkeley SkyDeck,True,"no_website, no_description, no_social_media, low_completeness",0.0,,,,,,,,,
Axent Biosciences Inc.,Unknown,Berkeley SkyDeck,True,"no_website, no_description, no_social_media, low_completeness",0.0,,,,,,,,,
Ariadne Maps,Unknown,Berkeley SkyDeck,False,,0.9,https://ariadnemaps.com,Ariadne | Accurate People Counting & Customer Flow Insights,contact@ariadne.inc,Ariadne provides real-time people counting and location analytics for smarter business decisions. Improve your store's performance with our accurate insights.,True,0.2,https://www.linkedin.com/company/ariadne-maps/,https://twitter.com/ariadne_maps,
AimHub,Unknown,Berkeley SkyDeck,False,,0.8,https://aimhub.ai,Home | AimHub AI,,"AimHub AI's recent news on everything ML best practices and MLOps tools. Find the latest releases, tutorials, guides and industry news.",True,0.4,https://www.linkedin.com/company/aimstackio/,https://twitter.com/aimstackio,https://github.com/aimhubio/aim
AHEAD Medicine,Unknown,Berkeley SkyDeck,False,,0.7,https://aheadmedicine.com,Home | AHEAD Medicine,,"AHEAD's Cyto-copilot enhances the efficiency, consistency, and scalability of flow cytometry analysis, empowering research, clinical diagnostics, and cell therapy quality control.",False,0.0,https://www.linkedin.com/company/aheadmedicine/posts/?feedView=all,,
AESOP Technology,Unknown,Berkeley SkyDeck,True,"no_website, no_description, no_social_media, low_completeness",0.0,,,,,,,,,
Adereso,Unknown,Berkeley SkyDeck,True,"no_description, no_social_media",0.3,https://adereso.com,,,,,,,,
4D Sight Inc,Unknown,Berkeley SkyDeck,True,"no_website, no_description, no_social_media, low_completeness",0.0,,,,,,,,,
3rdiTech,Unknown,Berkeley SkyDeck,True,"no_website, no_description, no_social_media, low_completeness",0.0,,,,,,,,,
Squishy Robotics,Unknown,Berkeley SkyDeck,True,"no_website, no_description, no_social_media, low_completeness",0.0,,,,,,,,,
Frontier Bio,Unknown,Berkeley SkyDeck,False,,0.9,https://frontierbio.com,Frontier Bio,info@frontierbio.com,"Frontier Bio develops living vascular grafts and in-vitro tissue platforms, building the foundation for organ-scale engineered tissues.",False,0.0,https://www.linkedin.com/company/frontier-bio/mycompany/,https://startx.com/,
Spext,Unknown,Berkeley SkyDeck,True,"no_description, no_social_media",0.3,https://spext.com,,,,,,,,
Artivive,Unknown,Berkeley SkyDeck,False,,0.8,https://artivive.com,Artivive – The Leading Augmented Reality Platform for Every Idea,,Create and deliver AR projects faster. Artivive offers WebAR and app AR with zero code and zero friction — saving time and cutting development costs.,False,0.0,https://www.linkedin.com/company/artivive/,https://x.com/ArtiviveApp,
HEROTECH8 LTD,Unknown,Berkeley SkyDeck,True,"no_website, no_description, no_social_media, low_completeness",0.0,,,,,,,,,
iDentical,Unknown,Berkeley SkyDeck,False,no_social_media,0.55,https://identical.com,Identical.com,,"Join a vibrant community of developers, influencers, and entrepreneurs on identical.com, all using the versatile CONTRIB token to power their token economies!",False,0.0,,,
Flux technology,Unknown,Berkeley SkyDeck,True,"no_website, no_description, no_social_media, low_completeness",0.0,,,,,,,,,
Coreshell,Unknown,Berkeley SkyDeck,False,,0.9,https://coreshell.com,Coreshell,info@coreshelltech.com,Coreshell unlocks the true capacity and economics of batteries to enable the timely deployment of clean energy.,False,0.0,https://www.linkedin.com/company/coreshell-technologies-inc/,https://twitter.com/coreshelltech?lang=en,
lastbit,Unknown,Berkeley SkyDeck,True,"no_description, no_social_media",0.3,https://lastbit.com,Password Recovery Solutions - LastBitKition,,,,,,,
XCloud Networks,Unknown,Berkeley SkyDeck,False,,0.8,https://xcloudnetworks.com,Netris - The Cloud Provider Networking,,"Build and Operate Cloud Networks with Netris. Manage highly-available networks on your own hardware at any scale for delivering Private, Public, and GPU Cloud Services.",False,0.0,https://www.linkedin.com/company/netrisio/,https://twitter.com/netris_io,
STYCKR,Unknown,Berkeley SkyDeck,True,"no_description, no_social_media",0.3,https://styckr.com,,,,,,,,
Stip,Unknown,Berkeley SkyDeck,True,"no_website, no_description, no_social_media, low_completeness",0.0,,,,,,,,,
Grido,Unknown,Berkeley SkyDeck,True,"no_description, no_social_media",0.3,https://grido.com,,,,,,,,
1Page,Unknown,Berkeley SkyDeck,True,"no_description, no_social_media",0.3,https://1page.com,,,,,,,,
AppearMe,Unknown,Berkeley SkyDeck,False,,0.8,https://appearme.com,Appearance Attorney & Litigation Support | Court Appearance Attorney | AppearMe,,"Connect, Scale & Automate Your Legal Practice Sign Up Now Find the help you need in 60 seconds Over 10,000 attorneys and 12,000 Expert Witnesses.",False,0.0,https://www.linkedin.com/company/10822986/,https://twitter.com/appearmeapp,
"SynderBio, Inc.",Unknown,Berkeley SkyDeck,True,"no_website, no_description, no_social_media, low_completeness",0.0,,,,,,,,,
"Facile Therapeutics, Inc.",Unknown,Berkeley SkyDeck,True,"no_website, no_description, no_social_media, low_completeness",0.0,,,,,,,,,
Cura Therapeutics,Unknown,Berkeley SkyDeck,True,"no_description, no_social_media",0.4,https://curatherapeutics.com,Cura Therapeutics,user@domain.com,,,,,,
"C. Light Technologies, Inc.",Unknown,Berkeley SkyDeck,True,"no_website, no_description, no_social_media, low_completeness",0.0,,,,,,,,,
Orbis AI,Unknown,Berkeley SkyDeck,True,"no_description, no_social_media",0.4,https://orbisai.com,Account Suspended,webmaster@orbisai.com,,,,,,
Hayden AI Technologies,Unknown,Berkeley SkyDeck,True,"no_website, no_description, no_social_media, low_completeness",0.0,,,,,,,,,
Elin.ai,Unknown,Berkeley SkyDeck,True,"no_website, no_description, no_social_media, low_completeness",0.0,,,,,,,,,
Buck.ai,Unknown,Berkeley SkyDeck,True,"no_website, no_description, no_social_media, low_completeness",0.0,,,,,,,,,
ANAFLASH INC,Unknown,Berkeley SkyDeck,True,"no_website, no_description, no_social_media, low_completeness",0.0,,,,,,,,,
Hyperspec.ai,Unknown,Berkeley SkyDeck,False,no_social_media,0.55,https://hyperspecai.com,hyperspecai.com - hyperspecai Resources and Information.,,hyperspecai.com is your first and best source for information about hyperspecai. Here you will also find topics relating to issues of general interest. We hope you find what you are looking for!,False,0.0,,,
PING,Unknown,Berkeley SkyDeck,False,minimal_description,0.65,https://ping.com,Home Page - PING,,NEW G440 K DRIVER,False,0.0,,http://www.twitter.com/pingtour,
Onederful,Unknown,Berkeley SkyDeck,False,,0.8,https://onederful.io,Verslo valdymo sprendimai ir paslaugos - OIXIO,info.lt@oixio.eu,"OIXIO grupės įmonės teikia skaitmeninio konsultavimo, IT infrastruktūros, procesų automatizavimo ir kibernetinio saugumo paslaugas.",False,0.0,https://www.linkedin.com/company/oixiolietuva,,
Naming Matters,Unknown,Berkeley SkyDeck,False,no_social_media,0.55,https://namingmatters.com,Trademark Search for business and brand names - Naming Matters,,"We Rate and Rank your Trademark Results for Business Names, Product Names, Service Names, and Brand Names. Before you get emotionally attached use Naming Matters.",False,0.0,,,
MuMec,Unknown,Berkeley SkyDeck,True,"no_website, no_description, no_social_media, low_completeness",0.0,,,,,,,,,
Mekonos,Unknown,Berkeley SkyDeck,False,no_description,0.55,https://mekonos.com,Mekonos,,,,,https://www.linkedin.com/company/mekonos/,https://twitter.com/mekonosinc,
eCalCharge,Unknown,Berkeley SkyDeck,True,"no_description, no_social_media",0.3,https://ecalcharge.com,,,,,,,,
Dot Lab,Unknown,Berkeley SkyDeck,False,no_social_media,0.55,https://dotlab.com,DotLab | Bringing you DotEndo for Endometriosis,,"DotLab is a women’s healthcare technology company bringing you DotEndo, a breakthrough blood test that aids in the diagnosis of active endometriosis.",False,0.0,,,
Deepen,Unknown,Berkeley SkyDeck,True,"no_description, no_social_media",0.4,https://deepen.com,Telepathy - Powering Successful Brands,admin@telepathy.com,,,,,,
Datavia,Unknown,Berkeley SkyDeck,True,"no_description, no_social_media",0.4,https://datavia.ai,Datavia - building enhanced machine vision applications,info@datavia.ai,,,,,,
Darmiyan,Unknown,Berkeley SkyDeck,False,no_description,0.65,https://darmiyan.com,Darmiyan,info@darmiyan.com,,,,https://www.linkedin.com/company/18104337/,https://twitter.com/DarmiyanInc,
Chameleon Biosciences,Unknown,Berkeley SkyDeck,True,"no_website, no_description, no_social_media, low_completeness",0.0,,,,,,,,,
Canopy Analytics,Unknown,Berkeley SkyDeck,False,no_social_media,0.65,https://canopyanalytics.com,Canopy Analytics: Property reporting and team management,a37f716361bf4dac93320dad85fec408@sentry.io,The one stop shop for multifamily owner-operators. Map your financials over onsite operations. Eliminate blind spots and get your reports instantly,False,0.0,,,
BioInspira,Unknown,Berkeley SkyDeck,True,"no_description, no_social_media",0.3,https://bioinspira.com,,,,,,,,
SkyAlert,Unknown,Berkeley SkyDeck,True,"no_website, no_description, no_social_media, low_completeness",0.0,,,,,,,,,
Orca,Unknown,Berkeley SkyDeck,True,"no_description, no_social_media",0.3,https://orca.ai,,,,,,,,
NextBiotics,Unknown,Berkeley SkyDeck,True,"no_description, no_social_media",0.3,https://nextbiotics.com,,,,,,,,
MindsDB,Unknown,Berkeley SkyDeck,False,,0.8,https://mindsdb.com,AI Analytics & Business Intelligence for any Data Source,,"MindsDB enables humans, AI agents, and applications to get highly accurate answers across disparate data sources and types.",True,0.2,https://www.linkedin.com/company/mindsdb/,https://twitter.com/MindsDB,https://github.com/mindsdb/mindsdb/
May & Meadow,Unknown,Berkeley SkyDeck,True,"no_website, no_description, no_social_media, low_completeness",0.0,,,,,,,,,
Kiwi Campus,Unknown,Berkeley SkyDeck,False,minimal_description,0.8,https://kiwicampus.com,"robot.com  robots for now, not someday. | Robot.com",,"robots for now, not someday.",False,0.0,https://www.linkedin.com/company/robot-com,https://x.com/Robotcom,
Keyword Hero,Unknown,Berkeley SkyDeck,True,"no_description, no_social_media",0.3,https://keywordhero.com,,,,,,,,
Intento,Unknown,Berkeley SkyDeck,True,"no_description, no_social_media",0.3,https://intento.com,,,,,,,,
InkSpace Imaging,Unknown,Berkeley SkyDeck,True,"no_website, no_description, no_social_media, low_completeness",0.0,,,,,,,,,
Bitbutter,Unknown,Berkeley SkyDeck,True,"no_website, no_description, no_social_media, low_completeness",0.0,,,,,,,,,
Bioxplor,Unknown,Berkeley SkyDeck,False,no_social_media,0.55,https://bioxplor.com,"Exploração BioBeleza - Revista de Beleza, Saúde e Psicologia para uma Vida Plena",,"Revista de Beleza, Saúde e Psicologia para uma Vida Plena",False,0.0,,,
Genomelink,Unknown,Berkeley SkyDeck,True,"no_description, no_social_media",0.3,https://genomelink.ai,,,,,,,,
WorknGo Project,Unknown,Berkeley SkyDeck,True,"no_website, no_description, no_social_media, low_completeness",0.0,,,,,,,,,
Starbutter AI,Unknown,Berkeley SkyDeck,True,"no_website, no_description, no_social_media, low_completeness",0.0,,,,,,,,,
Peregrine Bio,Unknown,Berkeley SkyDeck,True,"no_description, no_social_media",0.4,https://peregrine-bio.com,Peregrine Bio,user@domain.com,,,,,,
Dough Pay,Unknown,Berkeley SkyDeck,True,"no_description, no_social_media",0.3,https://doughpay.com,,,,,,,,
Krisp,Unknown,Berkeley SkyDeck,False,,0.9,https://krisp.ai,Voice AI for Meetings: Noise Cancellation & AI Note Taker | Krisp,info@krisp.ai,"Clear calls, smarter meetings—powered by #1 noise cancellation. Krisp brings Voice AI with an AI Note Taker, Accent AI, and Call Center AI.",True,0.4,https://www.linkedin.com/company/krisphq/,https://x.com/krispHQ,
Triton Cloud,Unknown,Berkeley SkyDeck,True,"no_website, no_description, no_social_media, low_completeness",0.0,,,,,,,,,
ThinkCyte,Unknown,Berkeley SkyDeck,False,,0.7,https://thinkcyte.com,Welcome - ThinkCyte,,"VisionSort VisionSort combines traditional fluorescence flow cytometry with high-dimensional morphological profiling and AI to enable label-free cell sorting and unbiased single cell profiling. LEARN MORE NEW ON-DEMAND WEBINAR VisionSort for Regenerative Medicine WATCH Application Areas Cellular Therapy R&D Label-free immune cell sorting Select therapeutically relevant cells C and GT manufacturing QC Drug Discovery Faster, cheaper alternative to plate-based phenotypic screening Screen a wider range of phenotypes Compatible with small molecule & CRISPR-based approaches Disease Profiling Disease insight….with AI Novel biomarker discovery, uncover novel cell populations, ID new targets, disease characterization, MRD, patient stratification Morphology Based Cell Sorting…Go Beyond Labels Characterizing and sorting cells by morphology at record high-throughput rates by […]",True,0.2,https://www.linkedin.com/company/thinkcyte/,,
The SMBX,Unknown,Berkeley SkyDeck,False,no_social_media,0.55,https://thesmbx.com,,,The SMBX is the world’s first marketplace for issuing and buying small business bonds. Earn principal and interest monthly and help businesses grow.,False,0.0,,,
Skyloom Global,Unknown,Berkeley SkyDeck,True,"no_website, no_description, no_social_media, low_completeness",0.0,,,,,,,,,
SimpleDataLabs,Unknown,Berkeley SkyDeck,True,"no_website, no_description, no_social_media, low_completeness",0.0,,,,,,,,,
Seamless Microsystems,Unknown,Berkeley SkyDeck,True,"no_website, no_description, no_social_media, low_completeness",0.0,,,,,,,,,
Resonance,Unknown,Berkeley SkyDeck,False,,0.8,https://resonance.com,Magnetic Resonance Spectroscopy | NMR Solutions,,Oxford Instruments are benchtop magnetic resonance spectroscopy experts who provide a variety of benchtop NMR solutions well suited to your unique needs.,False,0.0,https://www.linkedin.com/company/oxford-instruments,https://twitter.com/oxinst,
Researchably,Unknown,Berkeley SkyDeck,True,"no_description, no_social_media",0.4,https://researchably.com,Researchably,contact@researchably.com,,,,,,
PredictEV,Unknown,Berkeley SkyDeck,True,"no_website, no_description, no_social_media, low_completeness",0.0,,,,,,,,,
Perfect Dashboard,Unknown,Berkeley SkyDeck,False,no_social_media,0.55,https://perfect-dashboard.com,ClientDashboard,,"ClientDashboard היא פלטפורמת SaaS בעברית לניהול עסקים קטנים, המשלבת כלים לניהול מטרות, שיווק וכספים בממשק אחד, פשוט ויעיל.",False,0.0,,,
Peanut Robotics,Unknown,Berkeley SkyDeck,True,"minimal_description, no_social_media",0.65,https://peanutrobotics.com,Peanut Robotics | Home,email@gmail.com,The Workforce of the Future,False,0.0,,,
Korro Inc,Unknown,Berkeley SkyDeck,True,"no_website, no_description, no_social_media, low_completeness",0.0,,,,,,,,,
Impressivo,Unknown,Berkeley SkyDeck,True,"no_website, no_description, no_social_media, low_completeness",0.0,,,,,,,,,
HUMM Technologies,Unknown,Berkeley SkyDeck,True,"no_website, no_description, no_social_media, low_completeness",0.0,,,,,,,,,
Eyelevel.ai,Unknown,Berkeley SkyDeck,True,"no_description, no_social_media",0.3,https://eyelevelai.com,,,,,,,,
Empire Biotechnologies,Unknown,Berkeley SkyDeck,False,no_social_media,0.55,https://empirebiotechnologies.com,Penetrex Türkiye İncelemesi – Kas ve Eklem Ağrıları İçin Etkili Kremi Keşfedin!,,"🧴 Ürün Adı Penetrex 🌍 Hedef Pazar Türkiye 📦 Ürün Türü Ağrı Giderici Krem 🧪 Aktif Bileşenler Arnika, MSM, Boswellia Serrata 🏭 Üretici Penetrex™ LLC 🛒 Satın Alma Online mağazalar Penetrex, özellikle kas-iskelet sistemi kaynaklı ağrıların giderilmesinde kullanılan topikal bir kremdir. Amerika'da geliştirilmiş olan bu ürün, ağrı kesici ve iltihap giderici özellikleriyle bilinir. Türkiye'de de",False,0.0,,,
Examus,Unknown,Berkeley SkyDeck,False,,0.8,https://examus.com,AI Proctoring & Secure Online Exams for Governments & Enterprises | TrustExam.ai,,"TrustExam.ai is an AI-powered exam integrity platform for governments, universities, and enterprises. Secure online exams with real-time content protection, identity verification, and audit-ready reporting.",True,0.4,https://www.linkedin.com/company/trustexam/,https://x.com/trustexam,
Workep,Unknown,Berkeley SkyDeck,True,"no_description, no_social_media",0.4,https://workep.co,Workep Blog EN,Gantt-chart-workep@2x-1.png,,,,,,
Wavelength Global,Unknown,Berkeley SkyDeck,True,"no_website, no_description, no_social_media, low_completeness",0.0,,,,,,,,,
Telos.AI,Unknown,Berkeley SkyDeck,True,"no_description, no_social_media",0.3,https://telosai.com,,,,,,,,
SuperAnnotate AI,Unknown,Berkeley SkyDeck,True,"no_description, no_social_media",0.3,https://superannotateai.com,,,,,,,,
Ottometric,Unknown,Berkeley SkyDeck,False,,0.7,https://ottometric.com,Ottometric - Data-Driven ADAS Automotive Intelligence,,"Ottometric turns road, track, HiL/SiL, and simulation data into structured, audit-ready evidence that accelerates reviews and lowers ADAS program cost.",False,0.0,https://www.linkedin.com/company/ottometric/,,
Obviously,Unknown,Berkeley SkyDeck,False,no_social_media,0.55,https://obviously.com,Obviously Enterprises,,Obviously Enterprises Home Inspection and Accessory Dwelling Unit Consulting,False,0.0,,,
Grovf,Unknown,Berkeley SkyDeck,False,no_social_media,0.65,https://grovf.com,Home - Grovf,info@grovf.com,"Grovf Provides AI Infrastructure Back End Fabric IP, Chiplet, and NIC Running on 400/800Gbps Ethernet",True,0.4,,,
Empowerly,Unknown,Berkeley SkyDeck,False,,0.8,https://empowerly.com,Empowerly: Expert College Counseling & Admissions Guidance,cropped-Empowerly_Artboard-2@2x-1-270x270.png,Empowerly helps students navigate their admissions journey to top colleges with a 98% success rate. Talk to an enrollment specialist today and get started.,False,0.0,https://www.linkedin.com/company/empowerly/,,
DocuVision,Unknown,Berkeley SkyDeck,True,"no_description, no_social_media",0.3,https://docuvision.com,,,,,,,,
DeepScribe,Unknown,Berkeley SkyDeck,True,"no_description, no_social_media",0.3,https://deepscribe.com,,,,,,,,
DevSpace,Unknown,Berkeley SkyDeck,True,"no_description, no_social_media",0.3,https://devspace.co,,,,,,,,
Concha Labs,Unknown,Berkeley SkyDeck,False,,0.8,https://conchalabs.com,Concha Labs™ - Personalized Hearing that is Clinically Validated,,"Developed by users with hearing loss, the Concha Sol™ Hearing Aids provide real-world speech clarity, even in noisy environments, to empower you to hear clearly.",False,0.0,https://www.linkedin.com/company/conchalabs,https://twitter.com/conchalabs?lang=en,
